"cluster","p","padj","nseqs","CD154.Subjects","Peripheral.Subjects","CD154.nSeq","Peripheral.nSeq","Consensus","vConsensus"
34027,2.62664053026295e-08,1.41894109848415e-06,2,1,0,2,0,"CASSIRGQGFYGYTF","TRBV5-4*01"
70046,2.88045722099609e-09,1.41894109848415e-06,17,2,2,3,14,"CASSITGSTNEKLFF","TRBV19*01"
78655,2.62664053026295e-08,1.41894109848415e-06,2,2,0,2,0,"CASSKNRVHYGYTF","TRBV6-4*01"
142660,1.57564488731184e-07,8.12491235836366e-06,4,1,1,2,2,"CASSLGSGQGHYGYTF","TRBV11-2*01"
173470,9.44878001509569e-07,4.66048294686253e-05,9,1,2,2,7,"CASSLEWGEQFF","TRBV5-4*01"
61530,1.7317167827972e-06,8.18556469763581e-05,12,1,2,2,10,"CASSSRG?GGYGYTF",NA
